id,first_name,last_name,email,gender,ip_address
1,Loraine,Happer,lhapper0@sbwire.com,Female,87.159.147.192
2,Pren,Dog,pdog1@tamu.edu,Male,32.34.56.70
3,Fredia,Semken,fsemken2@google.es,Female,217.46.46.178
4,Ebonee,Lambird,elambird3@google.ca,Female,210.18.145.226
5,Zerk,Ramsdell,zramsdell4@huffingtonpost.com,Male,229.142.88.27
6,Lottie,Gobbet,lgobbet5@over-blog.com,Female,35.191.112.97
7,Shelby,Geistbeck,sgeistbeck6@wikipedia.org,Female,21.187.118.57
8,Piper,Rignold,prignold7@nymag.com,Female,234.55.152.145
9,Byrle,Juden,bjuden8@nps.gov,Male,53.237.74.143
10,Walker,Chopin,wchopin9@51.la,Male,190.128.152.251
11,Natala,Wiltshear,nwiltsheara@foxnews.com,Female,149.209.217.106
12,Ringo,Heninghem,rheninghemb@adobe.com,Male,107.38.218.192
13,Blanch,Gillions,bgillionsc@jigsy.com,Female,150.68.90.194
14,Antonino,Garm,agarmd@storify.com,Male,18.242.91.132
15,Guillermo,Reignolds,greignoldse@pcworld.com,Male,142.79.68.90
16,Belinda,Markus,bmarkusf@shop-pro.jp,Female,7.196.79.205
17,Yorker,Alekseicik,yalekseicikg@army.mil,Male,69.27.154.15
18,Ambur,Feares,afearesh@nbcnews.com,Female,17.46.213.147
19,Isidora,Harbinson,iharbinsoni@creativecommons.org,Female,61.205.192.178
20,Ursala,Daggett,udaggettj@microsoft.com,Female,210.202.121.131
21,Babbie,Scolding,bscoldingk@elegantthemes.com,Female,168.215.97.62
22,Alfy,Tant,atantl@1und1.de,Female,36.36.187.124
23,Johannes,Bunt,jbuntm@berkeley.edu,Male,249.244.47.123
24,Poul,Riddall,priddalln@thetimes.co.uk,Male,243.177.234.62
25,Estella,Woodford,ewoodfordo@g.co,Female,100.12.76.25
26,Merrel,Rook,mrookp@adobe.com,Male,153.179.93.104
27,Rossie,Avramchik,ravramchikq@creativecommons.org,Male,147.214.11.22
28,Eveleen,Henderson,ehendersonr@ifeng.com,Female,22.251.98.79
29,Ashien,Manueau,amanueaus@hibu.com,Female,222.48.86.210
30,Caressa,Grocutt,cgrocuttt@artisteer.com,Female,85.162.134.3
31,Marshal,Drew,mdrewu@usgs.gov,Male,196.236.165.200
32,Brina,Port,bportv@bloglines.com,Female,152.49.71.234
33,Alaric,Pudner,apudnerw@linkedin.com,Male,21.127.160.209
34,Franni,Neubigging,fneubiggingx@slate.com,Female,55.1.147.32
35,Colin,McCraine,cmccrainey@vimeo.com,Male,232.7.145.5
36,Michaeline,Brumbye,mbrumbyez@engadget.com,Female,146.223.54.46
37,Rosanne,Foulis,rfoulis10@cisco.com,Female,15.243.213.131
38,Mirna,Duferie,mduferie11@dropbox.com,Female,123.246.114.92
39,Viv,Lowis,vlowis12@hostgator.com,Female,225.98.94.141
40,Adria,Flicker,aflicker13@artisteer.com,Female,62.18.163.192
41,Ezechiel,Jerred,ejerred14@narod.ru,Male,253.240.155.38
42,Harmon,Serotsky,hserotsky15@nationalgeographic.com,Male,156.172.23.237
43,Justinian,Alejandre,jalejandre16@yahoo.com,Male,26.43.125.114
44,Maritsa,Diviny,mdiviny17@illinois.edu,Female,255.215.134.200
45,Orsola,Tarn,otarn18@google.it,Female,208.204.124.11
46,Ellsworth,Grcic,egrcic19@prlog.org,Male,11.10.221.47
47,Ingeberg,Sherburn,isherburn1a@etsy.com,Female,153.191.85.134
48,Georgi,Gianasi,ggianasi1b@stanford.edu,Male,139.248.138.13
49,Tommy,Beachamp,tbeachamp1c@deliciousdays.com,Female,9.71.177.253
50,Dannie,Fagan,dfagan1d@xing.com,Female,58.10.166.55
51,Lothario,Bagot,lbagot1e@sogou.com,Male,73.133.234.216
52,Efrem,Monier,emonier1f@list-manage.com,Male,42.244.238.188
53,Kalie,Burnapp,kburnapp1g@usa.gov,Female,39.158.212.231
54,Ajay,Sterry,asterry1h@sun.com,Female,217.231.135.177
55,Avie,Farfull,afarfull1i@trellian.com,Female,16.189.8.226
56,Cleo,Chaster,cchaster1j@dot.gov,Female,135.164.26.239
57,Gwennie,McLane,gmclane1k@pinterest.com,Female,25.240.105.86
58,Basia,Astbury,bastbury1l@a8.net,Female,118.170.60.185
59,Dolph,Dutteridge,ddutteridge1m@washington.edu,Male,147.81.225.154
60,Thorsten,Kaines,tkaines1n@desdev.cn,Male,71.198.150.113
61,Donna,Pawlaczyk,dpawlaczyk1o@friendfeed.com,Female,12.40.182.88
62,Henka,Broune,hbroune1p@weibo.com,Female,39.228.112.13
63,Sarah,Obray,sobray1q@chicagotribune.com,Female,219.218.67.140
64,Jess,Hatterslay,jhatterslay1r@vinaora.com,Male,48.149.160.218
65,Drona,Chinn,dchinn1s@eventbrite.com,Female,104.77.171.111
66,Morissa,Steger,msteger1t@shutterfly.com,Female,180.174.127.87
67,Adena,Barthel,abarthel1u@over-blog.com,Female,155.32.211.103
68,Gualterio,Bullen,gbullen1v@squidoo.com,Male,170.223.133.129
69,Darby,Leads,dleads1w@pen.io,Male,100.10.218.107
70,Margaret,Swainger,mswainger1x@shutterfly.com,Female,92.12.227.237
71,Lenka,Bottini,lbottini1y@loc.gov,Female,125.114.27.83
72,Merrie,Daniel,mdaniel1z@europa.eu,Female,72.103.191.251
73,Borg,Rudgard,brudgard20@ameblo.jp,Male,117.252.98.96
74,Kania,O'Shea,koshea21@macromedia.com,Female,195.12.119.133
75,Sayer,Towsie,stowsie22@hud.gov,Male,152.150.240.95
76,Donna,Wainwright,dwainwright23@fotki.com,Female,55.150.194.112
77,Paulie,Oakley,poakley24@51.la,Female,208.17.221.79
78,Lydia,Stansell,lstansell25@ovh.net,Female,169.144.214.84
79,Cassey,Cornbell,ccornbell26@whitehouse.gov,Female,223.197.66.109
80,Hubie,Egel,hegel27@webmd.com,Male,183.164.31.25
81,Cyrille,Corpe,ccorpe28@discuz.net,Male,52.87.36.214
82,Britni,Flory,bflory29@unblog.fr,Female,203.251.132.71
83,Giselbert,Krysiak,gkrysiak2a@bigcartel.com,Male,207.95.1.255
84,Barthel,Dagger,bdagger2b@deviantart.com,Male,177.52.251.62
85,Currie,Bercevelo,cbercevelo2c@ox.ac.uk,Male,4.45.142.30
86,Jens,Epine,jepine2d@naver.com,Male,106.241.247.251
87,Etan,Brizland,ebrizland2e@jimdo.com,Male,224.75.182.172
88,Codee,Cloughton,ccloughton2f@vkontakte.ru,Female,106.158.108.22
89,Gunther,Cuncarr,gcuncarr2g@rakuten.co.jp,Male,199.16.84.104
90,Branden,Gold,bgold2h@thetimes.co.uk,Male,90.70.76.119
91,Mikol,Hellewell,mhellewell2i@disqus.com,Male,252.140.7.95
92,Red,Poynser,rpoynser2j@princeton.edu,Male,69.147.138.227
93,Dee,Ulrik,dulrik2k@berkeley.edu,Female,74.111.254.160
94,Genovera,Bader,gbader2l@sphinn.com,Female,185.27.252.47
95,Rorie,Luipold,rluipold2m@trellian.com,Female,58.213.176.96
96,Lidia,Huntress,lhuntress2n@addtoany.com,Female,123.38.132.96
97,Ninetta,Tern,ntern2o@shareasale.com,Female,63.28.227.37
98,Giovanni,Varley,gvarley2p@businesswire.com,Male,177.45.26.176
99,Horton,Beckingham,hbeckingham2q@taobao.com,Male,181.143.125.180
100,Ulla,Uwins,uuwins2r@godaddy.com,Female,45.185.88.189
101,Konrad,Engel,kengel2s@homestead.com,Male,183.97.76.176
102,Marietta,Barke,mbarke2t@usnews.com,Female,114.140.136.179
103,Feliks,Jesson,fjesson2u@virginia.edu,Male,34.139.100.203
104,Friederike,Winwright,fwinwright2v@constantcontact.com,Female,201.2.72.125
105,Mair,Casina,mcasina2w@home.pl,Female,247.96.222.140
106,Thornton,Roskilly,troskilly2x@umich.edu,Male,207.218.225.47
107,Wynn,Bingle,wbingle2y@weather.com,Female,15.148.245.101
108,Harmon,Quinion,hquinion2z@tinyurl.com,Male,225.183.116.134
109,Sabina,Acarson,sacarson30@pcworld.com,Female,12.81.153.121
110,Brennan,Bernardoux,bbernardoux31@fc2.com,Male,226.10.142.249
111,Saraann,Dunley,sdunley32@bbb.org,Female,196.117.184.130
112,Christyna,Batisse,cbatisse33@pcworld.com,Female,166.106.38.10
113,Averyl,Arzu,aarzu34@histats.com,Female,209.142.56.128
114,Mandi,Vernham,mvernham35@tuttocitta.it,Female,176.52.246.192
115,Elisha,Jurgen,ejurgen36@wiley.com,Male,219.211.152.46
116,Alfons,Hillin,ahillin37@fastcompany.com,Male,120.114.49.72
117,Pavel,Licence,plicence38@goo.ne.jp,Male,97.191.189.121
118,Monika,Alesbrook,malesbrook39@hud.gov,Female,7.209.13.245
119,Ezekiel,Ghione,eghione3a@ebay.co.uk,Male,183.193.145.4
120,Ichabod,Bitten,ibitten3b@bbb.org,Male,10.95.184.100
121,Yance,McIlhatton,ymcilhatton3c@archive.org,Male,72.41.29.151
122,Derrick,Breston,dbreston3d@desdev.cn,Male,183.59.157.182
123,Tate,Lindholm,tlindholm3e@msu.edu,Male,240.125.66.57
124,Laura,Lunn,llunn3f@umn.edu,Female,177.0.39.245
125,Maybelle,McDuall,mmcduall3g@dell.com,Female,40.12.42.35
126,Hyman,Matyas,hmatyas3h@blogspot.com,Male,94.131.209.187
127,Filippo,Matlock,fmatlock3i@biblegateway.com,Male,127.235.167.93
128,Stewart,Cornelis,scornelis3j@blog.com,Male,234.126.204.84
129,Kimberlee,Arnli,karnli3k@histats.com,Female,226.190.81.70
130,Baldwin,Camis,bcamis3l@oracle.com,Male,238.215.66.41
131,Kalli,Inskipp,kinskipp3m@networksolutions.com,Female,102.157.14.126
132,Dodie,Torrie,dtorrie3n@zdnet.com,Female,60.209.51.167
133,Agnese,O'Hern,aohern3o@independent.co.uk,Female,64.146.71.239
134,Ofelia,Seager,oseager3p@cisco.com,Female,139.175.155.212
135,Zach,Sarsfield,zsarsfield3q@infoseek.co.jp,Male,149.161.142.49
136,Kettie,Gunner,kgunner3r@godaddy.com,Female,125.146.56.217
137,Lane,Myrick,lmyrick3s@unesco.org,Female,73.103.221.198
138,Aldrich,McCathy,amccathy3t@unc.edu,Male,166.86.62.23
139,Lock,Barthel,lbarthel3u@trellian.com,Male,10.98.104.248
140,Feliks,Ryman,fryman3v@cisco.com,Male,183.141.3.155
141,Lion,Letrange,lletrange3w@joomla.org,Male,110.115.174.223
142,Sigfrid,Finnes,sfinnes3x@gravatar.com,Male,16.109.141.88
143,Auguste,Brunker,abrunker3y@independent.co.uk,Female,214.153.146.47
144,Janette,Learoyd,jlearoyd3z@mysql.com,Female,227.131.182.210
145,Celina,Bloomer,cbloomer40@artisteer.com,Female,183.231.187.254
146,Goddard,Vader,gvader41@trellian.com,Male,105.37.83.129
147,Walsh,Altree,waltree42@samsung.com,Male,4.20.27.151
148,Gayle,Clayhill,gclayhill43@slashdot.org,Female,189.116.113.220
149,Licha,Patis,lpatis44@yolasite.com,Female,93.239.23.177
150,Davidson,Aiston,daiston45@symantec.com,Male,17.89.61.80
151,Chloe,Logsdale,clogsdale46@narod.ru,Female,194.230.0.1
152,Halli,Dreinan,hdreinan47@icio.us,Female,148.214.143.36
153,Fionna,Covey,fcovey48@odnoklassniki.ru,Female,160.204.218.20
154,Bethanne,Bore,bbore49@vistaprint.com,Female,119.241.172.222
155,Pattin,Grigorkin,pgrigorkin4a@usatoday.com,Male,96.21.118.168
156,Izabel,Peaple,ipeaple4b@reddit.com,Female,101.10.192.252
157,Cori,Hillett,chillett4c@hexun.com,Male,136.92.186.3
158,Duky,Booi,dbooi4d@constantcontact.com,Male,26.228.97.205
159,Iain,Vel,ivel4e@vimeo.com,Male,174.141.2.123
160,Ashleigh,Meakes,ameakes4f@unblog.fr,Female,217.155.223.1
161,Urbanus,Ommanney,uommanney4g@comsenz.com,Male,180.33.102.149
162,Flin,O'Hengerty,fohengerty4h@mediafire.com,Male,106.248.143.209
163,Olimpia,Tchir,otchir4i@joomla.org,Female,215.134.177.38
164,Harcourt,Collough,hcollough4j@admin.ch,Male,156.28.49.116
165,Stacee,Collet,scollet4k@prlog.org,Male,230.199.194.38
166,Mart,Losemann,mlosemann4l@ycombinator.com,Male,123.10.80.209
167,Ailene,Hallick,ahallick4m@dropbox.com,Female,101.107.106.86
168,Fabian,Coweuppe,fcoweuppe4n@census.gov,Male,19.229.38.166
169,Tallie,Kinton,tkinton4o@studiopress.com,Female,43.177.164.22
170,Sanson,Cope,scope4p@miibeian.gov.cn,Male,168.5.242.200
171,Shaw,Labroue,slabroue4q@paypal.com,Male,113.3.1.5
172,Millicent,Mudle,mmudle4r@ucoz.ru,Female,99.137.33.160
173,Sallyann,Plank,splank4s@statcounter.com,Female,248.206.122.166
174,Aluin,Jannequin,ajannequin4t@over-blog.com,Male,242.86.135.62
175,Elisha,Hansberry,ehansberry4u@cargocollective.com,Male,182.176.73.105
176,Rozanna,Tomek,rtomek4v@ask.com,Female,116.200.112.190
177,Murial,Covell,mcovell4w@about.com,Female,148.139.60.107
178,Akim,Matthessen,amatthessen4x@disqus.com,Male,174.202.14.200
179,Mordy,Winchcombe,mwinchcombe4y@tamu.edu,Male,20.131.131.1
180,Hymie,Vaughton,hvaughton4z@privacy.gov.au,Male,107.102.242.2
181,Starr,Torrisi,storrisi50@slideshare.net,Female,77.253.199.253
182,Kevin,Heineken,kheineken51@free.fr,Male,243.97.228.234
183,Jonie,Brandom,jbrandom52@economist.com,Female,154.20.213.151
184,Lolita,Hovy,lhovy53@mapquest.com,Female,136.240.207.88
185,Kyrstin,Flea,kflea54@senate.gov,Female,186.72.29.14
186,Tiler,Blacklidge,tblacklidge55@flickr.com,Male,191.245.65.42
187,Aurilia,O'Dea,aodea56@imdb.com,Female,24.126.152.232
188,Milzie,Eves,meves57@bigcartel.com,Female,236.131.156.34
189,Nanete,Kohlert,nkohlert58@about.me,Female,101.96.160.132
190,Koralle,D'eye,kdeye59@photobucket.com,Female,89.209.253.12
191,Hobey,Duigenan,hduigenan5a@omniture.com,Male,154.230.188.15
192,Humphrey,Wimpey,hwimpey5b@friendfeed.com,Male,235.104.228.141
193,Wendie,Clampe,wclampe5c@admin.ch,Female,87.164.103.241
194,Waldemar,Weildish,wweildish5d@cargocollective.com,Male,109.230.237.175
195,Dewitt,Gossage,dgossage5e@biblegateway.com,Male,175.136.76.200
196,Simon,Rape,srape5f@bluehost.com,Male,74.235.99.8
197,Kippar,Treneer,ktreneer5g@webeden.co.uk,Male,17.88.8.189
198,Carmine,Westgate,cwestgate5h@issuu.com,Female,83.159.80.34
199,Henrieta,Duiged,hduiged5i@meetup.com,Female,10.30.56.185
200,Bobbi,Roylance,broylance5j@sfgate.com,Female,196.0.249.16
201,Murray,Necrews,mnecrews5k@wunderground.com,Male,145.114.252.26
202,Tomkin,Goligher,tgoligher5l@dyndns.org,Male,231.155.225.216
203,Gibb,Mundell,gmundell5m@sakura.ne.jp,Male,29.191.171.184
204,Silvanus,Smieton,ssmieton5n@oakley.com,Male,125.214.75.224
205,Lydia,Cranstone,lcranstone5o@cargocollective.com,Female,204.122.123.166
206,Brietta,Duley,bduley5p@irs.gov,Female,62.30.64.85
207,Mallorie,Featherbie,mfeatherbie5q@hao123.com,Female,62.175.50.86
208,Fran,Brisson,fbrisson5r@weebly.com,Female,6.50.95.246
209,Bartholomew,Tilley,btilley5s@ft.com,Male,239.197.232.50
210,Alejandrina,McWilliams,amcwilliams5t@nytimes.com,Female,29.136.146.212
211,Wallis,Petlyura,wpetlyura5u@huffingtonpost.com,Male,215.236.243.64
212,Karly,Abbey,kabbey5v@bluehost.com,Female,3.40.130.163
213,Christophe,Claque,cclaque5w@cornell.edu,Male,61.239.187.129
214,Arabela,Brownell,abrownell5x@hao123.com,Female,255.36.134.45
215,Vita,Rushmare,vrushmare5y@whitehouse.gov,Female,197.91.84.60
216,Heath,Manicom,hmanicom5z@vistaprint.com,Male,216.207.134.253
217,Eduino,Nono,enono60@studiopress.com,Male,50.124.122.211
218,Russ,Jehu,rjehu61@hhs.gov,Male,22.238.109.88
219,Clemmy,Cheer,ccheer62@bloglines.com,Male,62.84.146.120
220,Benn,Lemoir,blemoir63@dailymotion.com,Male,142.143.249.235
221,Gabie,Castagne,gcastagne64@ask.com,Male,81.101.177.8
222,Mia,Bilverstone,mbilverstone65@mlb.com,Female,128.112.28.79
223,Sherlock,Challin,schallin66@pen.io,Male,64.149.77.234
224,Beryl,Parley,bparley67@nymag.com,Female,136.1.244.167
225,Verge,Francino,vfrancino68@army.mil,Male,73.42.127.150
226,Kele,Blackeby,kblackeby69@phpbb.com,Male,14.237.185.43
227,Davey,Smidmore,dsmidmore6a@kickstarter.com,Male,217.50.210.42
228,Antony,Chattelaine,achattelaine6b@unicef.org,Male,160.53.44.160
229,Chad,Burchill,cburchill6c@apache.org,Female,251.59.123.54
230,Susy,Noddle,snoddle6d@cargocollective.com,Female,5.2.252.168
231,Ambrosio,Durbin,adurbin6e@360.cn,Male,160.224.133.78
232,Shaw,Farra,sfarra6f@wordpress.org,Male,143.46.73.2
233,Joy,Seczyk,jseczyk6g@imgur.com,Female,55.74.53.5
234,Kliment,Mildmott,kmildmott6h@youtu.be,Male,3.158.247.210
235,Cathie,Fransewich,cfransewich6i@addtoany.com,Female,167.199.28.107
236,Laurianne,Sarver,lsarver6j@huffingtonpost.com,Female,185.209.223.31
237,Rubetta,Costello,rcostello6k@mac.com,Female,83.106.10.181
238,Ruttger,Gurko,rgurko6l@a8.net,Male,87.246.73.148
239,Meagan,Gorthy,mgorthy6m@shutterfly.com,Female,177.41.152.10
240,Aldwin,Sprowson,asprowson6n@is.gd,Male,37.1.97.254
241,Anjanette,Frise,afrise6o@va.gov,Female,85.124.244.73
242,Ogdan,Wauchope,owauchope6p@mozilla.org,Male,109.210.31.127
243,Angelle,Dohms,adohms6q@sphinn.com,Female,172.160.244.240
244,Humphrey,Limpenny,hlimpenny6r@histats.com,Male,242.57.150.126
245,Tyrone,Bouldstridge,tbouldstridge6s@blogspot.com,Male,156.203.156.108
246,Carlee,Murrill,cmurrill6t@chicagotribune.com,Female,33.13.121.112
247,Rockey,Crowcher,rcrowcher6u@usa.gov,Male,23.202.225.90
248,Didi,Prati,dprati6v@amazon.com,Female,247.51.242.125
249,Darice,Duchan,dduchan6w@bigcartel.com,Female,138.197.97.19
250,Moselle,Muggach,mmuggach6x@technorati.com,Female,118.209.252.72
251,Adelind,Popham,apopham6y@e-recht24.de,Female,197.9.25.108
252,Mercedes,Coushe,mcoushe6z@lycos.com,Female,173.181.225.194
253,Rahal,Mussettini,rmussettini70@seattletimes.com,Female,226.245.97.26
254,Dorey,Mount,dmount71@netvibes.com,Female,161.150.42.131
255,Jenda,Conford,jconford72@newyorker.com,Female,4.32.126.99
256,Jefferson,Nashe,jnashe73@sina.com.cn,Male,181.78.158.75
257,Dougie,Lethby,dlethby74@google.com.hk,Male,142.35.57.78
258,Odey,De Caville,odecaville75@dedecms.com,Male,43.22.75.118
259,Aline,De Cruze,adecruze76@guardian.co.uk,Female,102.98.240.111
260,Barrie,Maestrini,bmaestrini77@ocn.ne.jp,Male,69.40.14.206
261,Linus,Sicely,lsicely78@rediff.com,Male,123.127.137.34
262,Kip,Matveiko,kmatveiko79@yandex.ru,Male,19.8.210.167
263,Dale,Toxell,dtoxell7a@free.fr,Male,148.145.54.120
264,Alexandr,Nolan,anolan7b@amazon.co.uk,Male,21.109.70.76
265,Sherrie,O'Docherty,sodocherty7c@gnu.org,Female,135.130.206.25
266,Sansone,Feast,sfeast7d@blogs.com,Male,121.67.52.72
267,Amie,Toal,atoal7e@delicious.com,Female,65.79.142.239
268,Claudian,Mc Comb,cmccomb7f@salon.com,Male,143.112.198.229
269,Amelia,Robbins,arobbins7g@google.de,Female,73.224.230.225
270,Adda,Revill,arevill7h@bbc.co.uk,Female,84.18.249.245
271,Jere,Tembridge,jtembridge7i@epa.gov,Female,151.167.129.248
272,Roberta,Pinilla,rpinilla7j@networksolutions.com,Female,137.158.125.105
273,Peta,Sayers,psayers7k@xrea.com,Female,185.79.37.243
274,Uriel,Durban,udurban7l@tmall.com,Male,49.156.168.241
275,Charity,Lealle,clealle7m@t.co,Female,205.26.127.85
276,Emmeline,Witterick,ewitterick7n@vistaprint.com,Female,235.65.57.161
277,Enoch,Clementi,eclementi7o@4shared.com,Male,97.189.164.141
278,Lion,Atwool,latwool7p@cyberchimps.com,Male,205.136.140.238
279,Antons,Yesichev,ayesichev7q@fema.gov,Male,252.117.186.203
280,Renaldo,Clayhill,rclayhill7r@abc.net.au,Male,100.155.67.215
281,Skelly,Gever,sgever7s@harvard.edu,Male,4.125.239.16
282,Alexio,Eliot,aeliot7t@yellowpages.com,Male,56.148.189.116
283,Xena,Drawmer,xdrawmer7u@cbslocal.com,Female,64.25.156.29
284,Odella,Garnar,ogarnar7v@csmonitor.com,Female,249.150.160.249
285,Fred,Minter,fminter7w@example.com,Female,166.47.167.91
286,Jaclyn,Hollow,jhollow7x@blog.com,Female,58.178.208.98
287,Francois,Steptowe,fsteptowe7y@shinystat.com,Male,138.191.8.244
288,Cristine,Haglinton,chaglinton7z@ted.com,Female,126.104.16.41
289,Gianni,Wanless,gwanless80@cloudflare.com,Male,179.128.27.87
290,Chadwick,Groundwator,cgroundwator81@mashable.com,Male,169.84.71.193
291,Courtenay,Fantini,cfantini82@macromedia.com,Female,86.230.98.133
292,Serena,Baford,sbaford83@sitemeter.com,Female,245.5.3.94
293,Leonidas,Brandenburg,lbrandenburg84@sphinn.com,Male,100.7.114.126
294,Vivyanne,Tolmie,vtolmie85@symantec.com,Female,177.123.97.59
295,Addie,Alessandone,aalessandone86@trellian.com,Male,111.145.210.57
296,Joletta,Bailes,jbailes87@bluehost.com,Female,51.45.63.163
297,Calla,Mourant,cmourant88@theatlantic.com,Female,138.214.103.48
298,Felecia,Pitsall,fpitsall89@51.la,Female,157.187.177.128
299,Gussie,Rosendall,grosendall8a@over-blog.com,Female,10.70.139.21
300,Corly,Surcombe,csurcombe8b@time.com,Female,156.255.190.20
301,Clywd,Caldera,ccaldera8c@elegantthemes.com,Male,177.157.87.172
302,Gerhardine,de Guise,gdeguise8d@redcross.org,Female,58.0.61.29
303,Donnie,Bradwell,dbradwell8e@usgs.gov,Female,133.113.100.206
304,Peggy,Hedin,phedin8f@about.me,Female,34.211.151.92
305,Robyn,Reichert,rreichert8g@ovh.net,Female,149.77.49.112
306,Giacomo,Benting,gbenting8h@usgs.gov,Male,161.150.38.127
307,Manolo,Collinette,mcollinette8i@blogger.com,Male,243.170.179.81
308,Bunni,Pomphrey,bpomphrey8j@who.int,Female,111.224.208.156
309,Editha,Wain,ewain8k@over-blog.com,Female,232.73.54.187
310,Damara,Wilprecht,dwilprecht8l@time.com,Female,71.9.146.67
311,Joyan,Mithan,jmithan8m@mozilla.org,Female,233.126.119.104
312,Tymothy,Scallon,tscallon8n@wordpress.com,Male,175.142.37.118
313,Norry,Critchley,ncritchley8o@eepurl.com,Male,10.91.185.199
314,Madlen,Tegeller,mtegeller8p@google.co.uk,Female,186.38.205.227
315,Noah,Montgomery,nmontgomery8q@ihg.com,Male,228.16.246.137
316,Romy,McGilleghole,rmcgilleghole8r@ebay.com,Female,79.96.117.254
317,Ruth,Giovanni,rgiovanni8s@digg.com,Female,103.189.235.182
318,Hedda,Drewitt,hdrewitt8t@ucla.edu,Female,30.25.168.119
319,Jerrome,Gwinnell,jgwinnell8u@state.tx.us,Male,11.228.133.194
320,Erika,Elmer,eelmer8v@cyberchimps.com,Female,57.5.63.132
321,D'arcy,Orsman,dorsman8w@delicious.com,Male,19.62.218.133
322,Shandee,Poile,spoile8x@ifeng.com,Female,117.173.197.67
323,Isidoro,Ikringill,iikringill8y@mail.ru,Male,90.50.124.106
324,Melonie,Clother,mclother8z@jalbum.net,Female,52.237.14.166
325,Wilhelm,Cabena,wcabena90@ucoz.com,Male,213.178.187.230
326,Ivor,Tacey,itacey91@ebay.com,Male,193.212.225.45
327,Michelle,Jone,mjone92@networkadvertising.org,Female,9.157.233.245
328,Denny,Charteris,dcharteris93@mozilla.com,Female,69.17.195.64
329,Ernestine,Sweetsur,esweetsur94@nyu.edu,Female,186.148.135.2
330,Elliott,Soans,esoans95@ovh.net,Male,54.180.234.40
331,Shay,Beslier,sbeslier96@fotki.com,Male,159.23.108.110
332,Deane,Keepence,dkeepence97@newyorker.com,Male,16.239.179.3
333,Leona,Pack,lpack98@businesswire.com,Female,66.241.194.50
334,Elfrida,Landreth,elandreth99@google.es,Female,79.24.210.218
335,Ram,Cooksley,rcooksley9a@smh.com.au,Male,75.233.2.159
336,Maryellen,Shelsher,mshelsher9b@cnn.com,Female,14.68.76.216
337,Kenyon,Crickmoor,kcrickmoor9c@storify.com,Male,178.247.34.34
338,Karil,Patterson,kpatterson9d@amazon.co.jp,Female,45.72.254.140
339,Ashil,Hodgen,ahodgen9e@facebook.com,Female,121.64.1.165
340,Rayna,Lingwood,rlingwood9f@theguardian.com,Female,167.30.60.131
341,Chauncey,Dobney,cdobney9g@ovh.net,Male,162.229.96.237
342,Inesita,McKerlie,imckerlie9h@simplemachines.org,Female,9.13.244.133
343,Winne,Jarrel,wjarrel9i@weather.com,Female,233.143.220.223
344,Ty,MacAllester,tmacallester9j@artisteer.com,Male,114.235.82.49
345,Boyce,Slight,bslight9k@taobao.com,Male,71.104.76.151
346,Ted,Evens,tevens9l@phoca.cz,Male,235.35.117.54
347,Fenelia,Shillom,fshillom9m@scribd.com,Female,75.4.184.18
348,Sabina,Hallas,shallas9n@china.com.cn,Female,29.197.214.150
349,Rogerio,Bowen,rbowen9o@hugedomains.com,Male,225.215.155.86
350,Kippie,Godfray,kgodfray9p@jiathis.com,Male,91.199.140.24
351,Enrique,Haglington,ehaglington9q@statcounter.com,Male,9.63.26.97
352,Bobbe,MacFadyen,bmacfadyen9r@webs.com,Female,203.195.3.121
353,Somerset,Ortas,sortas9s@economist.com,Male,202.177.170.185
354,Orelie,Frear,ofrear9t@shareasale.com,Female,221.198.127.198
355,Emmalynn,Alastair,ealastair9u@bbb.org,Female,52.77.75.74
356,Andreas,Rowbottom,arowbottom9v@abc.net.au,Male,66.2.207.71
357,April,Warbys,awarbys9w@etsy.com,Female,207.232.14.108
358,Gal,Stainland,gstainland9x@salon.com,Male,92.157.98.74
359,Vinny,Edmund,vedmund9y@npr.org,Male,144.160.86.13
360,Ranee,Matushevitz,rmatushevitz9z@abc.net.au,Female,93.219.217.77
361,Merci,Winchurst,mwinchursta0@goo.gl,Female,143.38.135.16
362,Dagmar,Dron,ddrona1@time.com,Female,101.162.125.60
363,Filia,Stannion,fstanniona2@sina.com.cn,Female,39.157.195.27
364,Thatcher,Hazeman,thazemana3@edublogs.org,Male,107.107.72.163
365,Faith,Licciardi,flicciardia4@europa.eu,Female,128.66.158.90
366,Jeana,Trowle,jtrowlea5@gmpg.org,Female,166.36.137.165
367,Darline,Service,dservicea6@smh.com.au,Female,200.87.19.128
368,Risa,Rickford,rrickforda7@apple.com,Female,55.168.216.154
369,Beverlie,Ebbles,bebblesa8@odnoklassniki.ru,Female,199.2.229.122
370,Corny,Biles,cbilesa9@ow.ly,Male,112.92.239.55
371,Bent,Folger,bfolgeraa@timesonline.co.uk,Male,224.227.61.111
372,Oralia,Inderwick,oinderwickab@etsy.com,Female,38.145.109.215
373,Garland,Walsh,gwalshac@apple.com,Female,42.175.41.140
374,Barret,Mangam,bmangamad@accuweather.com,Male,231.190.16.74
375,Cirstoforo,Presslie,cpresslieae@qq.com,Male,154.3.216.166
376,Gunther,Pepperill,gpepperillaf@washington.edu,Male,127.175.222.220
377,Corrina,Skone,cskoneag@amazon.co.jp,Female,129.27.209.103
378,Davis,MacCaughey,dmaccaugheyah@bloglovin.com,Male,229.55.72.152
379,Hyacinthia,Cuncarr,hcuncarrai@clickbank.net,Female,38.38.159.1
380,Geoff,Attard,gattardaj@google.com.hk,Male,164.102.125.154
381,Kania,Robken,krobkenak@shop-pro.jp,Female,232.71.103.15
382,Hayden,Mully,hmullyal@abc.net.au,Male,152.148.4.243
383,Morgana,Kelby,mkelbyam@reverbnation.com,Female,45.50.121.147
384,Angelika,Walsh,awalshan@qq.com,Female,87.218.83.115
385,Gay,Lymer,glymerao@vk.com,Male,89.30.184.65
386,Laird,Benton,lbentonap@scribd.com,Male,133.125.82.240
387,Camile,Brailsford,cbrailsfordaq@ted.com,Female,72.15.122.175
388,Justus,Schimank,jschimankar@acquirethisname.com,Male,226.218.129.16
389,Christiana,Walsh,cwalshas@businessinsider.com,Female,136.23.13.131
390,Herve,Dilleston,hdillestonat@ezinearticles.com,Male,82.9.244.182
391,Craig,Elleton,celletonau@newyorker.com,Male,179.43.250.68
392,Ronny,Borrott,rborrottav@behance.net,Male,67.199.180.13
393,Rance,Mibourne,rmibourneaw@guardian.co.uk,Male,32.155.159.240
394,Berky,Griniov,bgriniovax@people.com.cn,Male,25.189.89.78
395,Morley,Shinefield,mshinefielday@ibm.com,Male,78.197.173.129
396,Gianni,Braiden,gbraidenaz@abc.net.au,Male,250.240.111.166
397,Maurizia,Mileham,mmilehamb0@tinypic.com,Female,203.135.251.3
398,Alvie,De-Ville,adevilleb1@nba.com,Male,91.109.191.115
399,Leonard,Pennino,lpenninob2@printfriendly.com,Male,231.117.241.55
400,Lorri,Vecard,lvecardb3@bbc.co.uk,Female,26.23.0.193
401,Korrie,Lefley,klefleyb4@fc2.com,Female,70.98.58.116
402,Jany,Thynn,jthynnb5@gizmodo.com,Female,230.117.191.180
403,Tiffi,Grenter,tgrenterb6@pagesperso-orange.fr,Female,230.65.109.9
404,Minnie,Wickson,mwicksonb7@usa.gov,Female,106.217.51.68
405,Moritz,Sjollema,msjollemab8@squidoo.com,Male,138.185.201.39
406,Jessica,Tripet,jtripetb9@bbb.org,Female,64.33.199.232
407,Cherie,Kearey,ckeareyba@va.gov,Female,63.172.2.143
408,Muhammad,Kitteringham,mkitteringhambb@usnews.com,Male,7.235.136.51
409,Theo,Plumb,tplumbbc@upenn.edu,Male,129.11.158.99
410,Dwight,Stood,dstoodbd@ocn.ne.jp,Male,215.161.13.59
411,Darsey,Marham,dmarhambe@webeden.co.uk,Female,114.227.168.82
412,Fenelia,Beresford,fberesfordbf@netlog.com,Female,82.193.146.125
413,Jozef,Brockest,jbrockestbg@senate.gov,Male,213.152.131.70
414,Edwin,Olenikov,eolenikovbh@ovh.net,Male,226.56.133.146
415,Del,Metham,dmethambi@themeforest.net,Male,67.51.84.160
416,Lizzy,Bugge,lbuggebj@theatlantic.com,Female,81.128.82.210
417,Clerc,Pentony,cpentonybk@wunderground.com,Male,162.63.100.155
418,Halie,Itscovitz,hitscovitzbl@ihg.com,Female,3.25.112.144
419,Katlin,Cosby,kcosbybm@npr.org,Female,247.59.120.1
420,Tripp,Nayer,tnayerbn@baidu.com,Male,121.49.208.68
421,Brittney,de Banke,bdebankebo@etsy.com,Female,42.99.219.133
422,Jarib,Lohrensen,jlohrensenbp@xrea.com,Male,102.88.44.125
423,Dionne,Sibbe,dsibbebq@behance.net,Female,174.174.101.241
424,Simone,Garm,sgarmbr@shareasale.com,Male,149.66.213.238
425,Trip,Richichi,trichichibs@wufoo.com,Male,8.191.92.143
426,Kristo,Mateos,kmateosbt@ucoz.ru,Male,155.131.214.23
427,Mikey,Lammie,mlammiebu@yahoo.com,Male,25.40.63.183
428,Dori,Bruyntjes,dbruyntjesbv@macromedia.com,Female,233.190.238.75
429,Wendy,Peterken,wpeterkenbw@mapquest.com,Female,22.213.46.66
430,Allis,Bardwall,abardwallbx@blogger.com,Female,70.171.124.45
431,Dane,Bowling,dbowlingby@sfgate.com,Male,151.23.148.217
432,Perceval,Rex,prexbz@who.int,Male,126.32.165.103
433,Eduino,Sammut,esammutc0@example.com,Male,177.72.99.62
434,Babb,Laidel,blaidelc1@1und1.de,Female,159.107.208.241
435,Rip,Zamora,rzamorac2@4shared.com,Male,211.185.185.138
436,Berrie,Giovannetti,bgiovannettic3@mlb.com,Female,175.32.164.82
437,Burk,Bright,bbrightc4@uiuc.edu,Male,45.50.85.118
438,Stephenie,Sacco,ssaccoc5@ucoz.com,Female,160.168.165.120
439,Vanya,Dinsell,vdinsellc6@so-net.ne.jp,Male,44.53.156.64
440,Doralia,Templman,dtemplmanc7@a8.net,Female,98.240.102.144
441,Carmela,Checo,cchecoc8@php.net,Female,251.122.207.150
442,Corrine,Hairesnape,chairesnapec9@weather.com,Female,165.73.109.198
443,Dorine,Ellsworthe,dellswortheca@odnoklassniki.ru,Female,228.88.249.152
444,Dolli,Josephson,djosephsoncb@liveinternet.ru,Female,245.17.60.220
445,Marja,Clougher,mcloughercc@theglobeandmail.com,Female,84.200.136.135
446,Shay,Ransom,sransomcd@delicious.com,Female,210.173.216.155
447,Elliott,Hoxey,ehoxeyce@nps.gov,Male,196.85.141.69
448,Jerome,Yanson,jyansoncf@lulu.com,Male,209.132.137.181
449,Meara,Gray,mgraycg@twitpic.com,Female,102.140.239.69
450,Bridget,Hebbron,bhebbronch@springer.com,Female,54.106.216.150
451,Ora,Tonry,otonryci@exblog.jp,Female,190.83.106.227
452,Charlie,Marchiso,cmarchisocj@soundcloud.com,Male,84.253.185.90
453,Eddie,Easdon,eeasdonck@illinois.edu,Male,230.45.217.13
454,Dag,Skarin,dskarincl@blinklist.com,Male,92.168.96.26
455,Sheridan,Furzer,sfurzercm@discuz.net,Male,136.243.103.180
456,Serge,Ingliss,singlisscn@state.tx.us,Male,220.8.160.219
457,Hewitt,Guerrier,hguerrierco@whitehouse.gov,Male,154.42.182.29
458,Chlo,McKerron,cmckerroncp@jiathis.com,Female,193.92.235.139
459,Freda,Broadnicke,fbroadnickecq@loc.gov,Female,75.138.92.171
460,Creigh,Orman,cormancr@quantcast.com,Male,252.66.29.227
461,Claudette,Franceschi,cfranceschics@theatlantic.com,Female,241.11.184.193
462,Abelard,Edsall,aedsallct@ftc.gov,Male,170.207.72.19
463,Ulrike,Loxdale,uloxdalecu@dyndns.org,Female,88.157.238.3
464,Valenka,Trubshawe,vtrubshawecv@blog.com,Female,53.56.198.138
465,Lalo,Jiras,ljirascw@columbia.edu,Male,125.207.245.148
466,Emlen,Bampton,ebamptoncx@cornell.edu,Male,2.42.221.230
467,Ardyth,Sakins,asakinscy@stanford.edu,Female,107.53.107.28
468,Howie,Wake,hwakecz@microsoft.com,Male,224.4.101.74
469,Wylie,Stebbin,wstebbind0@domainmarket.com,Male,28.109.118.100
470,Nathanil,Rosa,nrosad1@tumblr.com,Male,16.147.154.6
471,Staci,Yeudall,syeudalld2@slate.com,Female,71.172.108.179
472,Shelli,Eaves,seavesd3@cam.ac.uk,Female,18.28.87.4
473,Oswald,Van Weedenburg,ovanweedenburgd4@reddit.com,Male,52.15.222.85
474,Joli,Whapple,jwhappled5@bing.com,Female,46.50.145.8
475,Smitty,Crate,scrated6@jigsy.com,Male,206.63.229.18
476,Silvio,Alvares,salvaresd7@goo.ne.jp,Male,5.171.6.92
477,Cindelyn,Saura,csaurad8@theglobeandmail.com,Female,222.17.58.176
478,Anabel,Aspey,aaspeyd9@imgur.com,Female,155.166.70.108
479,Ulrike,McElvogue,umcelvogueda@nhs.uk,Female,124.113.192.12
480,Marge,Laddle,mladdledb@goo.gl,Female,212.44.157.168
481,Emlynne,Helstrip,ehelstripdc@eepurl.com,Female,233.24.43.83
482,Anatol,Jordi,ajordidd@squarespace.com,Male,58.69.10.134
483,Adrien,Beneteau,abeneteaude@aol.com,Male,165.206.200.174
484,Stephanus,Hadwin,shadwindf@sakura.ne.jp,Male,207.173.200.190
485,Kaylee,McKniely,kmcknielydg@storify.com,Female,240.22.18.153
486,Karyn,Wasmuth,kwasmuthdh@ucoz.ru,Female,0.99.207.249
487,Grace,Basey,gbaseydi@ibm.com,Male,58.207.29.229
488,Trudie,Bussen,tbussendj@yellowpages.com,Female,110.180.89.207
489,Mozes,Ebbin,mebbindk@soundcloud.com,Male,91.156.96.253
490,Ethel,Oddboy,eoddboydl@dyndns.org,Female,66.157.238.84
491,Angeli,Lesor,alesordm@upenn.edu,Male,116.246.194.47
492,Monroe,Cowley,mcowleydn@engadget.com,Male,150.247.5.220
493,Eloise,Searles,esearlesdo@go.com,Female,217.67.118.126
494,Amelie,Hundey,ahundeydp@dyndns.org,Female,96.176.238.247
495,Deirdre,Murname,dmurnamedq@booking.com,Female,150.197.150.175
496,Lori,Putson,lputsondr@google.com.au,Female,254.3.79.13
497,Griffith,Fortnam,gfortnamds@ca.gov,Male,53.163.87.128
498,Roxy,Cobain,rcobaindt@bloglines.com,Female,247.84.89.167
499,Delano,Millward,dmillwarddu@google.fr,Male,211.173.37.167
500,Jesus,Matushenko,jmatushenkodv@blogs.com,Male,164.152.30.244
501,Rodney,Beahan,rbeahandw@ibm.com,Male,47.147.102.79
502,Britt,McLleese,bmclleesedx@scientificamerican.com,Male,113.135.243.90
503,Bertine,Ridsdole,bridsdoledy@miibeian.gov.cn,Female,187.214.249.78
504,Drew,Padden,dpaddendz@ucla.edu,Male,10.58.161.221
505,Lita,Shambrooke,lshambrookee0@sourceforge.net,Female,47.178.198.1
506,Modestia,Pettingill,mpettingille1@cocolog-nifty.com,Female,49.189.129.133
507,Cyndy,MacCart,cmaccarte2@arizona.edu,Female,188.26.144.66
508,Tilly,Ronisch,tronische3@mapy.cz,Female,49.238.178.175
509,Bendicty,Lindsey,blindseye4@ox.ac.uk,Male,171.38.196.9
510,Aggy,Mogg,amogge5@reddit.com,Female,49.24.224.71
511,Giuseppe,Gibbie,ggibbiee6@archive.org,Male,167.122.10.150
512,Cleo,Berling,cberlinge7@ted.com,Female,65.22.182.55
513,Romain,Boice,rboicee8@topsy.com,Male,200.127.31.198
514,Worden,Muckley,wmuckleye9@shinystat.com,Male,87.163.84.178
515,Steffen,Flecknell,sflecknellea@prweb.com,Male,204.13.246.155
516,Torey,Nobriga,tnobrigaeb@drupal.org,Female,154.18.114.175
517,Amelie,Ailsbury,aailsburyec@gizmodo.com,Female,187.84.35.89
518,Bradford,Ullrich,bullriched@biglobe.ne.jp,Male,45.92.26.169
519,Meg,Torrese,mtorreseee@tripod.com,Female,48.200.247.129
520,Sunny,Claessens,sclaessensef@ed.gov,Female,140.188.252.253
521,Worthington,Gladdifh,wgladdifheg@tinyurl.com,Male,251.134.136.224
522,Somerset,Shills,sshillseh@webeden.co.uk,Male,136.81.126.10
523,Bidget,McCorry,bmccorryei@microsoft.com,Female,60.9.180.170
524,Brnaby,Huller,bhullerej@twitter.com,Male,182.245.240.22
525,Clayson,Avent,caventek@prweb.com,Male,118.222.122.158
526,Cathe,Marsters,cmarstersel@123-reg.co.uk,Female,16.15.56.197
527,Vitoria,Gasson,vgassonem@goo.gl,Female,110.84.204.5
528,Pearl,Crawford,pcrawforden@hhs.gov,Female,149.103.218.241
529,Rhiamon,Scotson,rscotsoneo@sohu.com,Female,26.90.235.172
530,Jodi,Regina,jreginaep@technorati.com,Male,128.10.144.84
531,Ludwig,Kervin,lkervineq@noaa.gov,Male,46.148.148.218
532,Riane,O' Scallan,roscallaner@fotki.com,Female,155.115.194.46
533,Aaren,Stallworth,astallworthes@icio.us,Female,45.196.59.128
534,Noble,Oxby,noxbyet@macromedia.com,Male,255.80.195.24
535,Sharyl,Lithcow,slithcoweu@nsw.gov.au,Female,139.18.7.101
536,Annabal,Jullian,ajullianev@netvibes.com,Female,46.15.116.211
537,Christoforo,Tole,ctoleew@networkadvertising.org,Male,190.44.173.16
538,Aldrich,Bayley,abayleyex@un.org,Male,245.251.217.242
539,Kip,Barnett,kbarnettey@spotify.com,Female,47.164.240.146
540,Aileen,Benitez,abenitezez@dion.ne.jp,Female,54.216.139.115
541,Itch,Engeham,iengehamf0@virginia.edu,Male,144.47.109.111
542,Hazel,McGlashan,hmcglashanf1@instagram.com,Male,72.2.193.231
543,Abbie,McGruar,amcgruarf2@jugem.jp,Female,62.56.52.44
544,Roscoe,Hadingham,rhadinghamf3@xing.com,Male,178.195.231.171
545,Gabby,Phillpot,gphillpotf4@apache.org,Male,203.188.42.62
546,Genevieve,De Bruijn,gdebruijnf5@flickr.com,Female,104.26.188.187
547,Briny,Cattellion,bcattellionf6@biglobe.ne.jp,Female,65.1.200.110
548,Luisa,Partener,lpartenerf7@cnet.com,Female,133.21.80.55
549,Micaela,Filby,mfilbyf8@census.gov,Female,4.55.130.116
550,Robinia,Harbour,rharbourf9@ebay.co.uk,Female,41.112.3.232
551,Ado,Twigger,atwiggerfa@sitemeter.com,Male,159.186.37.77
552,Quintilla,Dowears,qdowearsfb@ebay.co.uk,Female,122.90.103.93
553,Lennard,Scheffel,lscheffelfc@list-manage.com,Male,1.224.207.66
554,Torre,Bucknill,tbucknillfd@cam.ac.uk,Male,66.15.173.225
555,Kevon,Timby,ktimbyfe@smh.com.au,Male,235.213.123.209
556,Giorgio,Essex,gessexff@utexas.edu,Male,208.182.158.228
557,Annaliese,Bearne,abearnefg@slideshare.net,Female,115.231.236.161
558,Meaghan,Cathie,mcathiefh@shinystat.com,Female,62.231.116.68
559,Ettore,Shuxsmith,eshuxsmithfi@blinklist.com,Male,189.140.146.20
560,Daniela,MacConnechie,dmacconnechiefj@microsoft.com,Female,208.233.149.245
561,Goober,Pettigrew,gpettigrewfk@unblog.fr,Male,201.183.152.28
562,Morry,Dunsmore,mdunsmorefl@guardian.co.uk,Male,192.49.190.135
563,Fey,Menaul,fmenaulfm@fc2.com,Female,129.12.107.209
564,Gratia,Cowterd,gcowterdfn@wsj.com,Female,80.109.14.71
565,Wat,McAmish,wmcamishfo@toplist.cz,Male,0.44.100.162
566,Mike,Booi,mbooifp@shutterfly.com,Male,206.252.13.128
567,Ignacius,Wadeling,iwadelingfq@scribd.com,Male,125.241.242.224
568,Marietta,Hulatt,mhulattfr@photobucket.com,Female,222.76.3.182
569,Jeddy,Arnett,jarnettfs@privacy.gov.au,Male,53.153.130.25
570,Genevra,Cahn,gcahnft@elegantthemes.com,Female,251.44.239.93
571,Bobbye,Pellatt,bpellattfu@studiopress.com,Female,251.110.38.56
572,Hobart,Luty,hlutyfv@cmu.edu,Male,136.247.190.78
573,Othella,Overil,ooverilfw@seattletimes.com,Female,246.163.77.160
574,Man,Greschik,mgreschikfx@purevolume.com,Male,94.240.239.113
575,Kelly,Klimczak,kklimczakfy@guardian.co.uk,Male,69.136.196.105
576,Bobette,Keri,bkerifz@state.tx.us,Female,148.38.188.231
577,Ariel,Bolding,aboldingg0@purevolume.com,Female,41.78.196.55
578,Homerus,Leeman,hleemang1@themeforest.net,Male,197.88.174.70
579,Roze,Pennazzi,rpennazzig2@purevolume.com,Female,77.10.32.47
580,Nollie,Bemment,nbemmentg3@va.gov,Female,99.87.128.58
581,Piotr,Cornhill,pcornhillg4@nymag.com,Male,164.16.33.150
582,Waldemar,Morris,wmorrisg5@nasa.gov,Male,205.134.20.110
583,Holly,Shiels,hshielsg6@flavors.me,Male,193.156.29.132
584,Welch,Yurin,wyuring7@msn.com,Male,133.222.123.204
585,Katrine,Strangeways,kstrangewaysg8@home.pl,Female,49.169.252.176
586,Carr,Parlet,cparletg9@japanpost.jp,Male,206.152.97.1
587,Courtenay,Jefferys,cjefferysga@shareasale.com,Female,179.29.30.19
588,Fowler,Hutcheon,fhutcheongb@issuu.com,Male,48.28.15.244
589,Jamesy,Babbe,jbabbegc@paypal.com,Male,252.174.12.83
590,Sarina,Hounsom,shounsomgd@ftc.gov,Female,106.90.124.24
591,Orrin,Duffie,oduffiege@japanpost.jp,Male,63.30.38.137
592,Giusto,Longhorne,glonghornegf@last.fm,Male,178.225.145.214
593,Boone,Itzkovitch,bitzkovitchgg@issuu.com,Male,12.166.240.35
594,Morly,Peirce,mpeircegh@accuweather.com,Male,109.248.121.149
595,Redd,Wadly,rwadlygi@rambler.ru,Male,19.81.136.238
596,Mischa,Ugolini,mugolinigj@admin.ch,Male,234.194.103.30
597,Clemmy,Abate,cabategk@cdbaby.com,Female,38.26.190.123
598,Edward,Isham,eishamgl@youku.com,Male,9.117.70.45
599,Elvis,Brenard,ebrenardgm@nhs.uk,Male,30.171.253.102
600,Dionysus,Weinham,dweinhamgn@yelp.com,Male,91.138.38.232
601,Davita,Richens,drichensgo@nhs.uk,Female,87.178.164.68
602,Grace,Rubenfeld,grubenfeldgp@blogger.com,Male,133.21.232.115
603,Roderigo,Kovalski,rkovalskigq@technorati.com,Male,93.59.170.219
604,Gladi,Knifton,gkniftongr@reference.com,Female,182.248.132.245
605,Consolata,Blindmann,cblindmanngs@gravatar.com,Female,199.155.73.225
606,Shell,Strephan,sstrephangt@archive.org,Male,244.226.87.194
607,Wilfrid,Bishell,wbishellgu@digg.com,Male,219.184.111.255
608,Rolfe,Kinchley,rkinchleygv@ox.ac.uk,Male,41.184.156.47
609,Nikolaos,Dodshon,ndodshongw@nasa.gov,Male,58.250.249.122
610,Dav,Croughan,dcroughangx@bing.com,Male,156.190.50.85
611,Casper,Aizikovitch,caizikovitchgy@rakuten.co.jp,Male,245.221.62.82
612,Griselda,Shefton,gsheftongz@tumblr.com,Female,23.154.128.43
613,Orville,Happer,ohapperh0@tinyurl.com,Male,160.59.205.255
614,Russ,Martel,rmartelh1@redcross.org,Male,103.246.132.207
615,Reggis,Sisselot,rsisseloth2@google.com.br,Male,132.37.14.169
616,Amelina,Filyakov,afilyakovh3@reference.com,Female,238.112.174.165
617,Jelene,Karlicek,jkarlicekh4@prlog.org,Female,249.21.20.141
618,Derward,Tomasz,dtomaszh5@ebay.co.uk,Male,100.103.58.96
619,Burgess,Marnes,bmarnesh6@mozilla.org,Male,213.167.231.237
620,Dimitry,Schohier,dschohierh7@dyndns.org,Male,48.250.173.229
621,Odetta,Gomer,ogomerh8@photobucket.com,Female,214.133.135.206
622,Loralee,Girardi,lgirardih9@sphinn.com,Female,136.59.29.195
623,Berty,Mellhuish,bmellhuishha@google.es,Male,47.91.52.70
624,Susannah,Battell,sbattellhb@i2i.jp,Female,63.164.142.184
625,Caron,Delucia,cdeluciahc@house.gov,Female,189.6.229.198
626,Jereme,Duran,jduranhd@wikispaces.com,Male,69.31.193.109
627,Rici,Bierton,rbiertonhe@trellian.com,Female,143.172.201.192
628,Harley,Dolden,hdoldenhf@uiuc.edu,Female,191.163.162.12
629,Glynis,Faulkner,gfaulknerhg@msu.edu,Female,52.168.47.45
630,Morgen,Hegel,mhegelhh@msn.com,Male,120.44.247.107
631,Denver,Hartegan,dharteganhi@google.fr,Male,61.198.76.59
632,Florence,Oakeby,foakebyhj@cnn.com,Female,8.74.245.226
633,Sheridan,Palfery,spalferyhk@w3.org,Male,113.205.247.37
634,Kirk,Pfiffer,kpfifferhl@answers.com,Male,158.73.184.151
635,Dulcea,Johnsee,djohnseehm@desdev.cn,Female,107.19.233.220
636,Teddi,Syrad,tsyradhn@mayoclinic.com,Female,11.198.160.45
637,Hasheem,Aleksankin,haleksankinho@wunderground.com,Male,215.205.179.119
638,Kalvin,Tipler,ktiplerhp@google.de,Male,51.37.34.146
639,Wheeler,Benny,wbennyhq@bbb.org,Male,180.124.168.34
640,Pryce,Everton,pevertonhr@youku.com,Male,96.11.123.143
641,Hedwiga,Keys,hkeyshs@smugmug.com,Female,173.110.139.154
642,Diane,Steele,dsteeleht@ovh.net,Female,95.91.11.255
643,Devan,McGeaney,dmcgeaneyhu@tmall.com,Female,110.252.154.145
644,Nari,Tysack,ntysackhv@blinklist.com,Female,100.249.85.112
645,Nerita,Cescot,ncescothw@springer.com,Female,123.176.49.155
646,Brendis,Huggan,bhugganhx@pbs.org,Male,62.196.133.230
647,Evan,Caldecot,ecaldecothy@weibo.com,Male,205.12.164.127
648,Palm,Quantrill,pquantrillhz@hud.gov,Male,17.8.116.237
649,Rene,Le Sarr,rlesarri0@nba.com,Male,82.165.41.40
650,Flossi,Wash,fwashi1@samsung.com,Female,249.5.13.87
651,Remy,Scupham,rscuphami2@youku.com,Female,27.156.28.222
652,Lenora,Stanaway,lstanawayi3@homestead.com,Female,77.25.95.32
653,Hendrik,Gwillym,hgwillymi4@rediff.com,Male,89.62.30.217
654,Jorrie,Benford,jbenfordi5@prnewswire.com,Female,6.30.66.250
655,Neill,Clace,nclacei6@java.com,Male,236.192.124.61
656,Merrel,Cosby,mcosbyi7@imgur.com,Male,177.20.161.149
657,Andy,Janson,ajansoni8@php.net,Male,193.20.179.55
658,Cleo,Morison,cmorisoni9@unicef.org,Female,56.21.146.24
659,Dyann,Weyland,dweylandia@microsoft.com,Female,67.18.201.221
660,Jocko,Lockney,jlockneyib@google.it,Male,246.54.118.62
661,Eugene,Brychan,ebrychanic@yale.edu,Male,118.219.127.24
662,Harmony,MacDonagh,hmacdonaghid@yellowpages.com,Female,99.124.9.113
663,Gregorius,Cawte,gcawteie@bloglines.com,Male,33.126.45.59
664,Aile,Postlewhite,apostlewhiteif@jugem.jp,Female,103.205.254.123
665,Johnath,Baterip,jbateripig@usgs.gov,Female,174.109.82.178
666,Rog,Nottingam,rnottingamih@symantec.com,Male,134.25.152.47
667,Gaelan,Cham,gchamii@vinaora.com,Male,46.59.16.44
668,Shae,Hubbucke,shubbuckeij@examiner.com,Female,37.229.235.189
669,Winfred,Kmiec,wkmiecik@tinyurl.com,Male,152.223.104.193
670,Jade,Lanchbury,jlanchburyil@economist.com,Female,2.157.114.177
671,Mill,Dwane,mdwaneim@php.net,Male,14.129.155.160
672,Ev,McCart,emccartin@imageshack.us,Male,255.230.46.100
673,Miner,Hedditeh,mhedditehio@europa.eu,Male,28.118.201.151
674,Garrard,Lafay,glafayip@usda.gov,Male,64.247.242.115
675,Monica,Eriksson,merikssoniq@home.pl,Female,26.21.175.53
676,Marcos,Mainwaring,mmainwaringir@usatoday.com,Male,230.105.49.92
677,Emmi,Haysom,ehaysomis@diigo.com,Female,9.157.200.79
678,Arlene,Evensden,aevensdenit@tripadvisor.com,Female,142.83.5.140
679,Erroll,Gonsalvez,egonsalveziu@jalbum.net,Male,115.137.80.252
680,Zondra,Boarer,zboareriv@yolasite.com,Female,59.169.241.22
681,Oralla,Danieli,odanieliiw@ox.ac.uk,Female,221.138.35.137
682,Louella,Renwick,lrenwickix@weather.com,Female,76.34.251.147
683,Clarinda,Willson,cwillsoniy@nytimes.com,Female,163.148.112.153
684,Zelda,De Leek,zdeleekiz@themeforest.net,Female,255.168.185.135
685,Tobit,Ekkel,tekkelj0@joomla.org,Male,72.61.22.95
686,Germaine,Britzius,gbritziusj1@epa.gov,Male,26.225.100.38
687,Angelia,Firpo,afirpoj2@wikia.com,Female,203.106.28.229
688,Paulie,Sayes,psayesj3@ifeng.com,Female,151.139.213.19
689,Esteban,Vasilov,evasilovj4@foxnews.com,Male,254.81.17.138
690,Harris,MacGuffog,hmacguffogj5@ovh.net,Male,170.143.212.168
691,Padraig,Studdeard,pstuddeardj6@vkontakte.ru,Male,176.146.9.248
692,Lulu,Oakes,loakesj7@drupal.org,Female,87.174.164.53
693,Mamie,Bateson,mbatesonj8@meetup.com,Female,92.69.208.250
694,Agustin,Seemmonds,aseemmondsj9@ustream.tv,Male,36.79.101.126
695,Cassey,Crysell,ccrysellja@creativecommons.org,Female,63.125.215.171
696,Florie,Eatock,featockjb@reddit.com,Female,11.184.183.190
697,Roddie,Corss,rcorssjc@blinklist.com,Male,108.28.151.48
698,Husein,Huson,hhusonjd@newyorker.com,Male,23.10.223.141
699,Terrie,Cyster,tcysterje@sourceforge.net,Female,70.107.63.53
700,Dania,Jedrzejewski,djedrzejewskijf@ucoz.com,Female,152.93.215.245
701,Kendricks,Mattingley,kmattingleyjg@huffingtonpost.com,Male,83.12.38.191
702,Duky,Libermore,dlibermorejh@hud.gov,Male,48.0.254.192
703,Sashenka,Midgely,smidgelyji@mashable.com,Female,128.13.117.112
704,Felicle,Alejandro,falejandrojj@telegraph.co.uk,Female,239.76.233.204
705,Noel,Wyllie,nwylliejk@sogou.com,Female,192.146.222.84
706,Ramonda,Labbe,rlabbejl@oaic.gov.au,Female,20.131.64.211
707,Melodie,Edelston,medelstonjm@wunderground.com,Female,14.54.200.72
708,Ugo,Clemon,uclemonjn@columbia.edu,Male,249.74.6.93
709,Gaven,Hynard,ghynardjo@privacy.gov.au,Male,76.141.235.117
710,August,Wordsworth,awordsworthjp@ebay.co.uk,Male,100.129.21.184
711,Carolyne,McLay,cmclayjq@tripod.com,Female,232.253.25.22
712,Elisha,Nowland,enowlandjr@theglobeandmail.com,Male,129.39.20.34
713,Eben,Ickovic,eickovicjs@paypal.com,Male,226.215.2.169
714,Marie-jeanne,Frankcombe,mfrankcombejt@phoca.cz,Female,148.251.67.227
715,Glenden,Springle,gspringleju@reverbnation.com,Male,164.189.161.224
716,Megan,Rolland,mrollandjv@aboutads.info,Female,24.244.155.141
717,Miner,Tremmel,mtremmeljw@abc.net.au,Male,96.159.207.215
718,Florrie,Pratty,fprattyjx@google.cn,Female,173.130.225.26
719,Burch,Surmeir,bsurmeirjy@mail.ru,Male,221.80.26.234
720,Rebecka,Sherrington,rsherringtonjz@smh.com.au,Female,105.18.159.32
721,Krystyna,Willavoys,kwillavoysk0@wordpress.com,Female,94.216.199.239
722,Clotilda,Petrina,cpetrinak1@angelfire.com,Female,69.28.31.96
723,Addison,Skala,askalak2@delicious.com,Male,4.128.116.151
724,Pieter,Willas,pwillask3@ftc.gov,Male,141.125.97.164
725,Louise,Thomazin,lthomazink4@google.cn,Female,238.252.193.211
726,Adelheid,Whellans,awhellansk5@usnews.com,Female,216.138.208.254
727,Meredith,Badcock,mbadcockk6@ask.com,Male,125.173.163.193
728,Garwin,McKoy,gmckoyk7@infoseek.co.jp,Male,76.250.149.2
729,Mathilda,Hampton,mhamptonk8@alibaba.com,Female,155.42.101.228
730,Allayne,Bolesworth,abolesworthk9@google.pl,Male,161.31.149.201
731,Godfree,Ablitt,gablittka@webnode.com,Male,249.107.158.147
732,Hallie,Murford,hmurfordkb@guardian.co.uk,Female,92.153.230.131
733,Maribeth,Straun,mstraunkc@jigsy.com,Female,80.22.142.68
734,Nicky,Lammin,nlamminkd@who.int,Male,214.111.174.58
735,Shawna,Marryatt,smarryattke@lycos.com,Female,31.208.249.155
736,Larisa,Kettel,lkettelkf@shareasale.com,Female,0.227.102.40
737,Marylin,Jacson,mjacsonkg@indiegogo.com,Female,253.214.60.123
738,Reidar,Brolan,rbrolankh@bigcartel.com,Male,30.49.105.237
739,Nathan,Andreolli,nandreolliki@tumblr.com,Male,90.201.129.85
740,Yasmeen,Harrod,yharrodkj@aboutads.info,Female,67.60.223.46
741,Blondie,Lubbock,blubbockkk@comcast.net,Female,51.126.229.182
742,Goldy,Karlowicz,gkarlowiczkl@symantec.com,Female,247.42.37.209
743,Marrissa,Pitsall,mpitsallkm@t-online.de,Female,217.63.24.177
744,Rafaelita,Morl,rmorlkn@booking.com,Female,255.102.154.83
745,Em,Turrill,eturrillko@hud.gov,Male,93.120.234.90
746,Garey,Cattroll,gcattrollkp@sbwire.com,Male,124.143.185.223
747,Deb,Conklin,dconklinkq@dot.gov,Female,128.176.57.111
748,Riccardo,Waskett,rwaskettkr@instagram.com,Male,130.184.98.52
749,Charissa,Overpool,coverpoolks@pagesperso-orange.fr,Female,147.87.55.240
750,Saraann,Cann,scannkt@cbc.ca,Female,111.54.92.151
751,Nicki,Blint,nblintku@furl.net,Female,237.161.75.135
752,Otho,Stiff,ostiffkv@1und1.de,Male,251.224.234.243
753,Ainsley,Iaduccelli,aiaduccellikw@topsy.com,Female,178.102.219.78
754,Gabbie,Hollows,ghollowskx@mit.edu,Male,133.32.169.213
755,Bernadine,Labusch,blabuschky@salon.com,Female,133.106.63.161
756,Dallas,Dmitrienko,ddmitrienkokz@amazon.com,Female,5.31.20.33
757,Ryan,Loyd,rloydl0@w3.org,Male,140.51.65.104
758,Dorey,Petken,dpetkenl1@zdnet.com,Male,11.248.254.112
759,Abdel,Scroggs,ascroggsl2@oakley.com,Male,26.180.87.127
760,Pier,Rolin,prolinl3@shutterfly.com,Female,203.23.62.151
761,Teressa,Stanbro,tstanbrol4@spiegel.de,Female,193.187.120.187
762,Bevin,Fossett,bfossettl5@canalblog.com,Male,213.96.63.252
763,Alic,Vandrill,avandrilll6@purevolume.com,Male,97.50.162.68
764,Der,Camelli,dcamellil7@yolasite.com,Male,229.192.100.44
765,Gavrielle,Skiggs,gskiggsl8@usda.gov,Female,183.209.68.164
766,Rodi,Bellworthy,rbellworthyl9@dailymotion.com,Female,70.102.35.197
767,Micheil,Hallitt,mhallittla@yahoo.com,Male,61.21.151.195
768,Chad,Barrs,cbarrslb@businessweek.com,Female,159.19.71.255
769,Romeo,Labden,rlabdenlc@studiopress.com,Male,248.168.8.34
770,Dulsea,Schule,dschuleld@techcrunch.com,Female,179.191.194.61
771,Ruben,Hansmann,rhansmannle@cmu.edu,Male,89.143.10.62
772,Uri,Minard,uminardlf@google.pl,Male,213.251.103.199
773,Winfred,Brightie,wbrightielg@list-manage.com,Male,79.191.244.254
774,Charla,Kelner,ckelnerlh@ca.gov,Female,219.110.229.213
775,Onida,Aronin,oaroninli@fda.gov,Female,175.51.154.194
776,Goldia,Fahrenbach,gfahrenbachlj@theatlantic.com,Female,238.131.218.203
777,Kelby,Abbitt,kabbittlk@linkedin.com,Male,89.139.219.206
778,Corabelle,Redit,creditll@geocities.com,Female,133.71.157.216
779,Nessy,Quin,nquinlm@hhs.gov,Female,242.132.94.28
780,Verina,Hallgalley,vhallgalleyln@mozilla.org,Female,217.151.68.185
781,Nickie,O'Grogane,nogroganelo@java.com,Male,170.163.198.243
782,Elvin,Ayshford,eayshfordlp@furl.net,Male,196.101.154.248
783,Prue,Fairman,pfairmanlq@nps.gov,Female,163.109.222.189
784,Cory,Gluyas,cgluyaslr@ox.ac.uk,Male,216.218.30.105
785,Wilden,Dugood,wdugoodls@aboutads.info,Male,106.32.246.86
786,Karie,Pactat,kpactatlt@posterous.com,Female,92.40.221.111
787,Aylmar,Hold,aholdlu@accuweather.com,Male,16.91.56.232
788,Wilmer,Mattiazzo,wmattiazzolv@meetup.com,Male,46.146.168.229
789,Aldon,Bengle,abenglelw@t-online.de,Male,238.22.234.163
790,Natalina,Ioselev,nioselevlx@paypal.com,Female,230.124.177.63
791,Philbert,Klimek,pklimekly@zdnet.com,Male,156.90.195.240
792,Stinky,GiacobbiniJacob,sgiacobbinijacoblz@tinyurl.com,Male,21.121.120.130
793,Pacorro,Coutthart,pcoutthartm0@woothemes.com,Male,31.32.32.121
794,Herta,Fried,hfriedm1@netvibes.com,Female,175.133.55.55
795,Otes,Leate,oleatem2@intel.com,Male,115.21.251.212
796,Joana,Bockett,jbockettm3@goo.gl,Female,52.182.129.235
797,Rosmunda,Harrie,rharriem4@nih.gov,Female,251.181.83.228
798,Troy,Bullerwell,tbullerwellm5@usa.gov,Male,105.54.233.242
799,Jaquenetta,Delong,jdelongm6@ftc.gov,Female,184.59.32.228
800,Kennan,Kofax,kkofaxm7@mayoclinic.com,Male,125.165.121.103
801,Welbie,Bonhill,wbonhillm8@google.es,Male,178.53.231.253
802,Ruthann,Lovat,rlovatm9@blogger.com,Female,137.46.123.213
803,Rodolfo,Linsley,rlinsleyma@exblog.jp,Male,236.72.231.133
804,Willi,Bletsoe,wbletsoemb@wp.com,Female,216.85.25.247
805,Jasper,Bonallick,jbonallickmc@state.gov,Male,136.54.106.217
806,Roobbie,Siviter,rsivitermd@skype.com,Female,54.101.184.60
807,Barrie,Duffield,bduffieldme@4shared.com,Male,160.37.37.2
808,Larisa,Defty,ldeftymf@sohu.com,Female,55.65.41.62
809,Giulietta,Dannell,gdannellmg@typepad.com,Female,84.47.43.17
810,Nobe,Rogger,nroggermh@baidu.com,Male,22.161.208.230
811,Michael,Amery,mamerymi@dion.ne.jp,Male,119.149.22.207
812,Torey,Peller,tpellermj@a8.net,Male,130.169.120.116
813,Rob,Iremonger,riremongermk@uol.com.br,Male,58.124.70.234
814,Iosep,Nuzzti,inuzztiml@weibo.com,Male,239.212.218.141
815,Shepard,Mouland,smoulandmm@i2i.jp,Male,121.205.7.238
816,Allayne,Colles,acollesmn@ted.com,Male,205.83.134.162
817,Cristabel,Scoggin,cscogginmo@narod.ru,Female,213.198.197.205
818,Philly,Surmon,psurmonmp@nba.com,Female,214.163.30.146
819,Vance,Lindemann,vlindemannmq@furl.net,Male,92.122.11.194
820,Hadlee,Dy,hdymr@go.com,Male,172.206.108.152
821,Tootsie,Galpin,tgalpinms@ocn.ne.jp,Female,126.38.178.242
822,Melva,Feldfisher,mfeldfishermt@jugem.jp,Female,201.205.63.91
823,Findley,Struys,fstruysmu@wikispaces.com,Male,139.88.184.162
824,Falito,Martinec,fmartinecmv@jigsy.com,Male,90.173.32.173
825,Angus,Magowan,amagowanmw@intel.com,Male,72.106.254.241
826,Lorain,Elan,lelanmx@posterous.com,Female,211.223.83.38
827,Ermanno,Ondrak,eondrakmy@smugmug.com,Male,243.212.206.73
828,Carleton,Chaddock,cchaddockmz@usatoday.com,Male,254.169.133.25
829,Cirilo,O' Markey,comarkeyn0@indiegogo.com,Male,173.196.240.76
830,Obidiah,Wittering,owitteringn1@virginia.edu,Male,173.235.61.122
831,Hermy,De Beauchamp,hdebeauchampn2@java.com,Male,113.26.154.122
832,Alastair,Loughhead,aloughheadn3@telegraph.co.uk,Male,109.159.171.34
833,Jamill,Edess,jedessn4@twitpic.com,Male,205.57.252.233
834,Tally,Blaine,tblainen5@google.nl,Male,210.65.56.81
835,Abbye,Maudett,amaudettn6@un.org,Female,241.7.180.175
836,Everett,Vanne,evannen7@huffingtonpost.com,Male,62.23.186.62
837,Abbie,Yven,ayvenn8@dagondesign.com,Female,241.86.178.242
838,Harman,Thurstan,hthurstann9@nba.com,Male,223.123.28.130
839,Vinnie,Habishaw,vhabishawna@discuz.net,Male,32.121.128.175
840,Rudiger,Chapell,rchapellnb@1und1.de,Male,85.148.15.53
841,Hedy,Gibbe,hgibbenc@51.la,Female,44.149.49.186
842,Aili,Halloran,ahallorannd@homestead.com,Female,250.37.158.112
843,Monique,Tunkin,mtunkinne@wufoo.com,Female,103.10.129.184
844,Sharline,Lamyman,slamymannf@bloglovin.com,Female,37.199.133.74
845,Thibaud,Ubsdell,tubsdellng@pen.io,Male,33.107.227.109
846,Rosie,Vondra,rvondranh@bloglines.com,Female,182.147.180.170
847,Davine,Ayllett,dayllettni@state.gov,Female,20.49.28.230
848,Berti,Aspinal,baspinalnj@rediff.com,Male,116.144.113.89
849,Aurea,Earley,aearleynk@hubpages.com,Female,65.195.17.97
850,Cameron,Devil,cdevilnl@smugmug.com,Male,199.62.200.32
851,Danya,Mattiessen,dmattiessennm@mysql.com,Male,156.26.132.160
852,Tobye,Geratasch,tgerataschnn@unblog.fr,Female,73.86.218.108
853,Christa,Gearing,cgearingno@tiny.cc,Female,129.238.93.235
854,Gwyn,Greaves,ggreavesnp@mit.edu,Female,17.225.54.78
855,Debora,Champney,dchampneynq@hibu.com,Female,116.170.133.155
856,Jilly,Mc Pake,jmcpakenr@clickbank.net,Female,205.209.189.125
857,Jeffrey,Calcutt,jcalcuttns@istockphoto.com,Male,5.143.240.165
858,Gavan,Mannakee,gmannakeent@dion.ne.jp,Male,242.30.22.236
859,Bessie,Hodge,bhodgenu@gravatar.com,Female,253.132.106.33
860,Germaine,Faircliff,gfaircliffnv@dell.com,Male,0.221.75.13
861,Isidore,Lippiett,ilippiettnw@washingtonpost.com,Male,255.151.235.48
862,Bart,MacLeese,bmacleesenx@bigcartel.com,Male,8.8.42.190
863,Gaylor,Abley,gableyny@cnbc.com,Male,232.143.184.248
864,Judd,Fergusson,jfergussonnz@seattletimes.com,Male,163.48.148.59
865,Cynde,Handke,chandkeo0@elpais.com,Female,227.0.253.252
866,Annabelle,Carver,acarvero1@slashdot.org,Female,46.65.121.84
867,Kailey,Lacaze,klacazeo2@devhub.com,Female,45.6.150.137
868,Elfrida,Enrrico,eenrricoo3@histats.com,Female,74.201.251.208
869,Elnora,Pitblado,epitbladoo4@nymag.com,Female,157.186.11.225
870,Merill,Bellefonte,mbellefonteo5@jiathis.com,Male,202.189.39.132
871,Zulema,MacIntosh,zmacintosho6@hubpages.com,Female,33.24.179.55
872,Drusilla,Tricker,dtrickero7@cyberchimps.com,Female,62.168.99.248
873,Hashim,Call,hcallo8@nasa.gov,Male,47.101.34.182
874,Brigid,Testin,btestino9@accuweather.com,Female,88.106.132.243
875,Conrade,Salvage,csalvageoa@umn.edu,Male,251.130.188.41
876,Blinnie,Meo,bmeoob@wix.com,Female,217.233.234.28
877,Lilla,Cowwell,lcowwelloc@independent.co.uk,Female,4.7.156.131
878,Roxane,Proctor,rproctorod@wikispaces.com,Female,188.204.85.104
879,Brana,Warin,bwarinoe@infoseek.co.jp,Female,99.75.40.137
880,Lyndy,Hush,lhushof@mayoclinic.com,Female,122.190.50.137
881,Kimbell,Suthworth,ksuthworthog@quantcast.com,Male,35.175.79.121
882,Arda,Cruikshank,acruikshankoh@comsenz.com,Female,107.243.152.55
883,Mabelle,Goodbur,mgoodburoi@desdev.cn,Female,132.70.19.137
884,Chiarra,Francescoccio,cfrancescocciooj@europa.eu,Female,41.212.205.13
885,Morrie,Reboulet,mrebouletok@ed.gov,Male,93.85.16.16
886,Marguerite,Sorley,msorleyol@aol.com,Female,100.202.101.131
887,Trevar,Dunkley,tdunkleyom@nhs.uk,Male,83.86.187.207
888,Rikki,Czaple,rczapleon@spotify.com,Male,103.116.99.170
889,Louise,Jahnig,ljahnigoo@vk.com,Female,173.177.188.193
890,Kristian,Lawes,klawesop@shutterfly.com,Male,225.98.155.110
891,Vasili,Chinnock,vchinnockoq@mit.edu,Male,19.122.120.215
892,Monty,Barrand,mbarrandor@ovh.net,Male,119.40.241.116
893,Kati,Preddle,kpreddleos@baidu.com,Female,118.43.114.176
894,Abe,O' Donohue,aodonohueot@prlog.org,Male,198.68.184.133
895,Iosep,Franckton,ifrancktonou@so-net.ne.jp,Male,19.49.90.5
896,Herve,Beyne,hbeyneov@statcounter.com,Male,159.43.73.66
897,Geordie,Ludlem,gludlemow@51.la,Male,55.123.65.109
898,Anabel,Fullagar,afullagarox@chronoengine.com,Female,237.163.81.100
899,Keenan,MacCarter,kmaccarteroy@w3.org,Male,185.216.234.207
900,Eddy,Laroux,elarouxoz@springer.com,Female,123.56.144.239
901,Saunders,Horche,shorchep0@tinypic.com,Male,203.249.101.57
902,Lisette,Purcell,lpurcellp1@ehow.com,Female,252.184.147.57
903,Ilsa,Perrington,iperringtonp2@nature.com,Female,212.42.215.152
904,Griffin,Oselton,goseltonp3@chronoengine.com,Male,225.154.1.85
905,Annabal,McCloud,amccloudp4@wufoo.com,Female,91.81.177.44
906,Roxana,Priditt,rpridittp5@tmall.com,Female,107.133.216.12
907,Barn,Dorney,bdorneyp6@cisco.com,Male,101.248.250.113
908,Marieann,Gaddes,mgaddesp7@weebly.com,Female,41.9.190.229
909,Carlin,Leif,cleifp8@posterous.com,Female,172.85.103.112
910,Tuesday,Sustins,tsustinsp9@feedburner.com,Female,226.131.124.170
911,Jessica,Crudginton,jcrudgintonpa@nsw.gov.au,Female,82.65.2.179
912,Nydia,Enright,nenrightpb@trellian.com,Female,117.107.199.249
913,Llewellyn,Devereux,ldevereuxpc@comcast.net,Male,6.188.99.184
914,Kane,Chishull,kchishullpd@oracle.com,Male,234.23.154.161
915,Rubetta,McKinna,rmckinnape@reddit.com,Female,153.176.147.180
916,Madlin,Pero,mperopf@seattletimes.com,Female,215.13.92.35
917,Aubry,Beardshall,abeardshallpg@technorati.com,Female,165.132.116.86
918,Barnabas,Bum,bbumph@hibu.com,Male,29.105.76.28
919,Elroy,Teare,etearepi@istockphoto.com,Male,73.139.144.45
920,Kelila,Conley,kconleypj@miibeian.gov.cn,Female,231.196.239.20
921,Ransom,McCoughan,rmccoughanpk@scribd.com,Male,22.74.91.54
922,Romy,Kettoe,rkettoepl@wired.com,Female,117.7.250.242
923,Andy,Gruby,agrubypm@usnews.com,Male,250.7.251.242
924,Dav,Brauns,dbraunspn@live.com,Male,19.83.150.157
925,Fidelio,Momery,fmomerypo@umn.edu,Male,219.138.60.58
926,Millisent,Antcliff,mantcliffpp@disqus.com,Female,41.19.50.47
927,Tate,Portman,tportmanpq@mit.edu,Female,70.163.243.157
928,Torrie,Meeron,tmeeronpr@google.co.jp,Female,80.190.120.111
929,Malvin,Chasles,mchaslesps@indiegogo.com,Male,30.166.103.61
930,Kip,Koopman,kkoopmanpt@typepad.com,Male,113.150.46.135
931,Shandee,Fulep,sfuleppu@house.gov,Female,242.71.247.232
932,Mona,Comins,mcominspv@google.ru,Female,19.167.27.53
933,Fern,Maypole,fmaypolepw@indiatimes.com,Female,207.184.54.205
934,Horton,Nickell,hnickellpx@spotify.com,Male,24.247.59.169
935,Thornie,Vasyunkin,tvasyunkinpy@auda.org.au,Male,214.126.23.102
936,Lacy,Holttom,lholttompz@devhub.com,Female,212.35.183.25
937,Nona,Stachini,nstachiniq0@google.com.au,Female,39.190.146.1
938,Inge,Valiant,ivaliantq1@phpbb.com,Female,12.52.82.63
939,Brnaba,Howling,bhowlingq2@about.me,Male,176.149.35.192
940,Nevile,Bolley,nbolleyq3@webnode.com,Male,47.239.39.83
941,Hazel,Mauchlen,hmauchlenq4@amazon.co.uk,Male,133.239.74.51
942,Wiley,Hoodlass,whoodlassq5@loc.gov,Male,112.146.251.172
943,Engelbert,Pasley,epasleyq6@harvard.edu,Male,25.158.54.165
944,Carola,Plows,cplowsq7@craigslist.org,Female,247.174.11.63
945,Sherlocke,Vigours,svigoursq8@google.co.uk,Male,240.195.66.13
946,Chrisy,Bidgood,cbidgoodq9@weather.com,Male,31.116.125.151
947,Fitzgerald,Petrushkevich,fpetrushkevichqa@nasa.gov,Male,53.147.136.92
948,Bettine,Goldring,bgoldringqb@latimes.com,Female,65.95.143.240
949,Hyacinth,Slayton,hslaytonqc@discuz.net,Female,167.253.246.166
950,Artemus,Arkwright,aarkwrightqd@unblog.fr,Male,156.235.184.87
951,Jennifer,Kief,jkiefqe@furl.net,Female,197.186.45.230
952,Byrann,Deftie,bdeftieqf@theatlantic.com,Male,88.86.121.13
953,Etienne,Haldon,ehaldonqg@princeton.edu,Male,15.22.104.204
954,Celestyn,Ferres,cferresqh@google.co.jp,Female,229.168.182.195
955,Desirae,Gerckens,dgerckensqi@hexun.com,Female,218.31.75.50
956,Kermy,Veivers,kveiversqj@hibu.com,Male,251.192.66.226
957,Wilbur,Ingilson,wingilsonqk@tumblr.com,Male,74.233.247.24
958,Mortie,Dye,mdyeql@desdev.cn,Male,196.68.62.159
959,Malorie,Wackett,mwackettqm@nsw.gov.au,Female,156.201.105.76
960,Horatia,Gear,hgearqn@parallels.com,Female,1.194.42.135
961,Hyatt,Stebbings,hstebbingsqo@tinyurl.com,Male,24.168.167.44
962,Morgan,Birt,mbirtqp@engadget.com,Female,196.78.88.75
963,Nealon,Learmount,nlearmountqq@bbc.co.uk,Male,131.253.219.228
964,Ophelia,Bonus,obonusqr@plala.or.jp,Female,131.124.183.126
965,Ferdinand,Darrigone,fdarrigoneqs@linkedin.com,Male,14.31.188.229
966,Karie,Klagge,kklaggeqt@tuttocitta.it,Female,135.247.83.230
967,Morgan,Bellworthy,mbellworthyqu@bandcamp.com,Female,167.189.24.1
968,Zsa zsa,Lemon,zlemonqv@blinklist.com,Female,248.234.114.97
969,Libbi,Hartzog,lhartzogqw@youtube.com,Female,30.113.50.173
970,Karlan,Quilkin,kquilkinqx@ucoz.ru,Male,78.92.49.12
971,Lidia,Dundon,ldundonqy@gizmodo.com,Female,138.65.172.97
972,Boniface,Schankel,bschankelqz@woothemes.com,Male,137.13.90.52
973,Teador,Warrior,twarriorr0@about.com,Male,31.3.48.83
974,Amabelle,Cicchelli,acicchellir1@angelfire.com,Female,124.47.179.45
975,Aldwin,Anfonsi,aanfonsir2@google.es,Male,37.202.117.223
976,Sigrid,Ugolini,sugolinir3@miibeian.gov.cn,Female,34.183.27.33
977,Kenn,Crane,kcraner4@mail.ru,Male,13.245.254.193
978,Parsifal,Iddison,piddisonr5@symantec.com,Male,183.27.141.214
979,Homer,Dadswell,hdadswellr6@uol.com.br,Male,155.14.99.45
980,Coreen,Boyda,cboydar7@yolasite.com,Female,24.101.166.100
981,Juli,Jumel,jjumelr8@mayoclinic.com,Female,8.170.40.25
982,Rafe,Cornforth,rcornforthr9@yahoo.co.jp,Male,48.157.6.79
983,Benny,Andrusov,bandrusovra@rambler.ru,Male,9.253.216.145
984,Kelsey,Balk,kbalkrb@blogs.com,Male,51.221.239.4
985,Natalie,Jarvis,njarvisrc@4shared.com,Female,23.177.172.30
986,Alethea,Squibbs,asquibbsrd@goo.gl,Female,59.56.8.28
987,Stanford,Bilbery,sbilberyre@loc.gov,Male,152.7.80.125
988,Rafe,Geillier,rgeillierrf@auda.org.au,Male,150.14.219.89
989,Walt,Jerram,wjerramrg@jiathis.com,Male,16.24.41.158
990,Rennie,Frears,rfrearsrh@jalbum.net,Female,186.121.169.117
991,Bryanty,Pyrke,bpyrkeri@example.com,Male,15.216.24.88
992,Lola,Ewbanks,lewbanksrj@utexas.edu,Female,54.160.211.60
993,Forbes,Pallasch,fpallaschrk@yahoo.com,Male,218.212.147.61
994,Randell,Graine,rgrainerl@nytimes.com,Male,135.80.153.92
995,Tonie,Le Marquand,tlemarquandrm@so-net.ne.jp,Female,239.180.80.247
996,Yorke,Lambarton,ylambartonrn@bloomberg.com,Male,199.35.15.22
997,Morgan,Gedge,mgedgero@cafepress.com,Female,77.158.74.224
998,Arron,Bole,abolerp@tripadvisor.com,Male,90.77.134.112
999,Enrico,Quarmby,equarmbyrq@altervista.org,Male,241.176.148.192
1000,Winston,Grunguer,wgrunguerrr@admin.ch,Male,167.175.69.166
